Product,Price
Abominable Hoodie,$69.00
Adrienne Trek Jacket,$57.00
Aeon Capri,$48.00
Aero Daily Fitness Tee,$24.00
Aether Gym Pant,$74.00
Affirm Water Bottle,$7.00
Aim Analog Watch,$45.00
Ajax Full-Zip Sweatshirt,$69.00
Ana Running Short,$40.00
Angel Light Running Short,$42.00
Antonia Racer Tank,$34.00
Apollo Running Short,$32.50
Arcadio Gym Short,$20.00
Argus All-Weather Tank,$22.00
Ariel Roll Sleeve Sweatshirt,$39.00
Artemis Running Short,$45.00
Atlas Fitness Tank,$18.00
Atomic Endurance Running Tee (Crew-Neck),$29.00
Atomic Endurance Running Tee (V-neck),$28.00
Augusta Pullover Jacket,$57.00
Autumn Pullie,$57.00
Balboa Persistence Tee,$29.00
Bardot Capri,$48.00
Beaumont Summit Kit,$42.00
Bella Tank,$29.00
Bess Yoga Short,$28.00
Bolo Sport Watch,$49.00
Breathe-Easy Tank,$34.00
Bruno Compete Hoodie,$63.00
Caesar Warm-Up Pant,$35.00
Carina Basic Capri,$51.00
Cassia Funnel Sweatshirt,$48.00
Cassius Sparring Tank,$18.00
Celeste Sports Bra,$39.00
Chaz Kangeroo Hoodie,$52.00
Chloe Compete Tank,$39.00
Circe Hooded Ice Fleece,$68.00
Clamber Watch,$54.00
Cobalt CoolTech™ Fitness Short,$44.00
Compete Track Tote,$32.00
Cora Parachute Pant,$75.00
Cronus Yoga Pant,$48.00
Crown Summit Backpack,$38.00
Cruise Dual Analog Watch,$55.00
Daphne Full-Zip Hoodie,$59.00
Daria Bikram Pant,$51.00
Dash Digital Watch,$92.00
Deion Long-Sleeve EverCool™ Tee,$39.00
Deirdre Relaxed-Fit Capri,$63.00
Desiree Fitness Tee,$24.00
Diana Tights,$59.00
Didi Sport Watch,$92.00
Diva Gym Tee,$32.00
Driven Backpack,$36.00
Dual Handle Cardio Ball,$12.00
Echo Fit Compression Short,$24.00
Electra Bra Top,$39.00
Elisa EverCool™ Tee,$29.00
Endeavor Daytrip Backpack,$33.00
Endurance Watch,$49.00
Eos V-Neck Hoodie,$54.00
Erica Evercool Sports Bra,$39.00
Erika Running Short,$45.00
Erikssen CoolTech™ Fitness Tank,$29.00
Fiona Fitness Short,$29.00
Frankie  Sweatshirt,$60.00
Fusion Backpack,$59.00
Gabrielle Micro Sleeve Top,$28.00
Geo Insulated Jogging Pant,$51.00
Go-Get’r Pushup Grips,$19.00
Gobi HeatTec® Tee,$29.00
Grayson Crewneck Sweatshirt,$64.00
Gwen Drawstring Bike Short,$50.00
Gwyn Endurance Tee,$24.00
Harmony Lumaflex™ Strength Band Kit,$22.00
Hawkeye Yoga Short,$29.00
Helena Hooded Fleece,$55.00
Helios Endurance Tank,$32.00
Helios EverCool™ Tee,$24.00
Hera Pullover Hoodie,$48.00
Hero Hoodie,$54.00
Hollister Backyard Sweatshirt,$52.00
Hyperion Elements Jacket,$51.00
Ida Workout Parachute Pant,$48.00
Impulse Duffle,$74.00
Ina Compression Short,$49.00
Ingrid Running Jacket,$84.00
Iris Workout Top,$29.00
Jade Yoga Jacket,$32.00
Josie Yoga Jacket,$56.25
Joust Duffle Bag,$34.00
Juliana Short-Sleeve Tee,$42.00
Jupiter All-Weather Trainer,$56.99
Karissa V-Neck Tee,$32.00
Karmen Yoga Pant,$39.00
Kenobi Trail Jacket,$47.00
Kratos Gym Pant,$57.00
Lando Gym Jacket,$99.00
Layla Tee,$29.00
Leah Yoga Top,$39.00
Livingston All-Purpose Tight,$75.00
Logan  HeatTec® Tee,$24.00
Lono Yoga Short,$32.00
Lucia Cross-Fit Bra,$39.00
Luma Analog Watch,$43.00
Mach Street Sweatshirt,$62.00
Marco Lightweight Active Hoodie,$74.00
Mars HeatTech™ Pullover,$66.00
Maxima Drawstring Short,$28.00
Maya Tunic,$29.00
Meteor Workout Short,$32.50
Miko Pullover Hoodie,$69.00
Mimi All-Purpose Short,$44.00
Minerva LumaTech™ V-Tee,$32.00
Mithra Warmup Pant,$28.00
Mona Pullover Hoodlie,$57.00
Montana Wind Jacket,$49.00
Nadia Elements Shell,$69.00
Neve Studio Dance Jacket,$69.00
Nona Fitness Tank,$39.00
Nora Practice Tank,$39.00
Olivia 1/4 Zip Light Jacket,$77.00
Orestes Fitness Short,$35.00
Orestes Yoga Pant,$66.00
Orion Two-Tone Fitted Jacket,$72.00
Oslo Trek Hoodie,$42.00
Overnight Duffle,$45.00
Phoebe Zipper Sweatshirt,$59.00
Pierce Gym Short,$27.00
Portia Capri,$49.00
Prima Compete Bra Top,$24.00
Primo Endurance Tank,$29.00
Proteus Fitness Jackshirt,$45.00
Pursuit Lumaflex™ Tone Band,$16.00
Push It Messenger Bag,$45.00
Quest Lumaflex™ Band,$19.00
Radiant Tee,$22.00
Rapha  Sports Short,$35.00
Riona Full Zip Jacket,$60.00
Rival Field Messenger,$45.00
Rocco Gym Tank,$24.00
Ryker LumaTech™ Tee (Crew-neck),$32.00
Ryker LumaTech™ Tee (V-neck),$28.00
Sahara Leggings,$75.00
Savvy Shoulder Tote,$32.00
Selene Yoga Hoodie,$42.00
Sinbad Fitness Tank,$29.00
Sol Active Short,$32.00
Sparta Gym Tank,$29.00
Sprite Foam Roller,$19.00
Sprite Foam Yoga Brick,$5.00
Sprite Stasis Ball 55 cm,$23.00
Sprite Stasis Ball 55 cm,$23.00
Sprite Stasis Ball 55 cm,$23.00
Sprite Stasis Ball 65 cm,$27.00
Sprite Stasis Ball 65 cm,$27.00
Sprite Stasis Ball 65 cm,$27.00
Sprite Stasis Ball 75 cm,$32.00
Sprite Stasis Ball 75 cm,$32.00
Sprite Stasis Ball 75 cm,$32.00
Sprite Yoga Strap 10 foot,$21.00
Sprite Yoga Strap 6 foot,$14.00
Sprite Yoga Strap 8 foot,$17.00
Stark Fundamental Hoodie,$42.00
Stellar Solar Jacket,$75.00
Strike Endurance Tee,$39.00
Strive Shoulder Pack,$32.00
Summit Watch,$54.00
Supernova Sport Pant,$45.00
Sybil Running Short,$44.00
Sylvia Capri,$42.00
Taurus Elements Shell,$65.00
Teton Pullover Hoodie,$70.00
Thorpe Track Pant,$68.00
Tiberius Gym Tank,$18.00
Tiffany Fitness Tee,$28.00
Torque Power Short,$32.50
Tristan Endurance Tank,$29.00
Troy Yoga Short,$24.00
Typhon Performance Fleece-lined Jacket,$60.00
Viktor LumaTech™ Pant,$46.00
Voyage Yoga Bag,$32.00
Vulcan Weightlifting Tank,$28.00
Wayfarer Messenger Bag,$45.00
Zeppelin Yoga Pant,$82.00
Zing Jump Rope,$12.00
Zoe Tank,$29.00
Zoltan Gym Tee,$29.00
